"","vote12","gender","white","pid7","ideo5","rr_scale"
"1",9,2,FALSE,1,1,1.5
"2",2,2,FALSE,1,3,3.25
"3",2,1,TRUE,NA,3,3.75
"4",2,1,TRUE,6,3,2
"5",9,2,FALSE,4,3,2.75
"6",2,2,FALSE,1,1,1
"7",9,1,TRUE,5,3,5
"8",2,2,FALSE,1,5,2.25
"9",2,1,TRUE,1,2,1.75
"10",9,2,FALSE,1,4,4
"11",2,2,FALSE,1,5,3
"12",1,2,TRUE,6,3,5
"13",2,1,FALSE,1,4,2
"14",2,2,FALSE,1,2,3.25
"15",2,2,FALSE,2,3,5
"16",2,2,TRUE,1,1,1
"17",2,1,TRUE,1,1,1
"18",2,1,FALSE,2,1,1
"19",2,1,TRUE,2,2,1
"20",2,2,FALSE,1,1,3
"21",2,2,TRUE,1,1,2.25
"22",2,2,FALSE,NA,2,1
"23",2,2,FALSE,3,1,1
"24",2,2,TRUE,1,1,1.25
"25",2,2,TRUE,1,3,3.5
"26",9,1,FALSE,1,3,5
"27",2,1,TRUE,4,3,2.75
"28",2,1,TRUE,1,1,3
"29",1,2,TRUE,2,3,3.25
"30",2,2,FALSE,1,1,1
"31",2,1,FALSE,3,3,1
"32",1,2,TRUE,7,5,4.25
"33",2,1,FALSE,NA,1,3
"34",2,2,TRUE,1,1,1.75
"35",9,2,TRUE,2,2,2
"36",2,1,FALSE,1,1,3
"37",2,1,TRUE,1,2,4.25
"38",2,2,TRUE,1,1,2.25
"39",9,1,FALSE,2,1,1
"40",2,2,FALSE,1,2,3
"41",9,1,TRUE,4,4,2.75
"42",2,1,FALSE,4,3,1
"43",2,1,FALSE,2,3,3.5
"44",2,2,FALSE,1,1,1
"45",2,2,TRUE,1,3,2.75
"46",2,2,TRUE,2,3,3
"47",9,1,TRUE,1,2,3
"48",3,1,TRUE,4,1,1.5
"49",2,1,FALSE,2,2,3
"50",2,2,TRUE,1,1,1.5
"51",2,2,TRUE,7,3,4.25
"52",2,1,TRUE,1,1,1
"53",9,1,FALSE,6,4,4.5
"54",9,1,FALSE,4,3,NA
"55",2,2,FALSE,1,2,2.75
"56",2,1,TRUE,1,2,1
"57",1,2,TRUE,1,4,2.5
"58",2,1,FALSE,2,4,3.5
"59",2,2,FALSE,1,4,4.75
"60",2,2,FALSE,1,3,2.5
"61",2,2,TRUE,1,1,3
"62",9,1,FALSE,1,3,3
"63",2,1,FALSE,1,3,1.75
"64",2,1,TRUE,1,4,3.25
"65",1,2,TRUE,7,3,2
"66",2,1,FALSE,3,1,4.25
"67",9,2,FALSE,2,3,3.25
"68",1,1,FALSE,7,4,3.5
"69",9,2,TRUE,1,3,5
"70",3,1,TRUE,1,1,1
"71",2,2,TRUE,3,2,1.75
"72",2,2,FALSE,1,5,3
"73",1,1,TRUE,5,4,3.5
"74",9,2,FALSE,4,3,4
"75",2,1,TRUE,1,1,3
"76",2,2,TRUE,1,1,1.5
"77",2,2,TRUE,3,3,1.25
"78",2,2,FALSE,1,2,1
"79",2,1,FALSE,1,1,1.75
"80",1,2,TRUE,6,3,3.25
"81",9,2,FALSE,2,3,4.5
"82",2,2,TRUE,1,1,4.25
"83",1,1,FALSE,1,4,3
"84",1,2,TRUE,5,4,3.25
"85",2,1,FALSE,1,3,4
"86",2,1,TRUE,1,1,1.5
"87",3,1,TRUE,5,4,3.25
"88",2,2,TRUE,1,2,2
"89",2,2,TRUE,4,2,1.75
"90",9,1,TRUE,NA,2,1.25
"91",9,1,FALSE,1,4,4.75
"92",1,1,TRUE,5,4,5
"93",9,2,FALSE,7,3,2.75
"94",9,2,TRUE,1,2,1.5
"95",2,1,TRUE,3,1,1
"96",2,1,TRUE,4,5,3
"97",2,1,FALSE,5,3,1
"98",2,1,TRUE,1,3,3
"99",2,2,TRUE,1,2,1
"100",1,1,TRUE,NA,3,3
"101",2,1,FALSE,1,5,3
"102",2,2,TRUE,2,4,3.75
"103",2,1,TRUE,1,2,1.5
"104",2,1,TRUE,1,1,1.5
"105",2,1,FALSE,1,1,1.5
"106",1,1,TRUE,4,4,3.25
"107",2,2,FALSE,1,3,1.75
"108",2,1,TRUE,1,1,1.5
"109",2,2,FALSE,1,1,1
"110",2,2,TRUE,1,2,2.5
"111",1,2,TRUE,7,5,1
"112",9,2,FALSE,1,3,1.25
"113",2,2,FALSE,7,3,1.75
"114",9,2,FALSE,2,2,1.25
"115",2,2,TRUE,1,3,3.5
"116",2,2,TRUE,1,1,2
"117",9,2,FALSE,2,4,4
"118",2,2,TRUE,1,1,1
"119",2,1,TRUE,1,2,2
"120",2,2,FALSE,1,1,1.5
"121",2,2,FALSE,1,3,1
"122",9,2,TRUE,3,3,2.5
"123",2,2,FALSE,1,1,1.75
"124",2,2,TRUE,1,2,1
"125",2,2,TRUE,6,3,3.5
"126",1,2,TRUE,7,3,4
"127",2,2,TRUE,4,2,1
"128",2,2,FALSE,NA,3,3
"129",2,2,TRUE,1,1,1.25
"130",9,2,FALSE,2,3,1.25
"131",9,2,FALSE,1,4,3
"132",9,2,FALSE,1,1,1
"133",2,2,FALSE,1,1,1
"134",2,2,TRUE,1,2,1.75
"135",2,1,FALSE,4,4,2.5
"136",2,1,FALSE,1,3,1.75
"137",2,1,TRUE,2,1,1.25
"138",1,1,TRUE,2,4,5
"139",9,1,FALSE,2,3,2.5
"140",9,2,TRUE,1,1,1
"141",2,1,FALSE,3,3,2.25
"142",2,1,TRUE,1,1,1
"143",2,2,TRUE,4,3,1.5
"144",2,1,FALSE,1,1,2.25
"145",2,1,TRUE,1,3,3
"146",9,1,FALSE,4,3,3
"147",2,1,FALSE,1,4,2
"148",2,1,TRUE,1,3,3
"149",2,2,FALSE,1,4,2.25
"150",9,1,TRUE,5,4,3.5
"151",2,2,TRUE,6,3,2.75
"152",2,2,FALSE,4,3,NA
"153",2,2,FALSE,1,3,1.25
"154",2,2,TRUE,1,2,1
"155",9,2,TRUE,3,1,1
"156",2,1,TRUE,1,2,1
"157",2,2,FALSE,1,2,3.75
"158",2,2,TRUE,1,2,1
"159",1,1,FALSE,7,2,3
"160",2,2,TRUE,1,2,3.75
"161",3,1,TRUE,6,3,3.5
"162",2,1,FALSE,1,3,3
"163",2,2,FALSE,NA,3,3
"164",2,2,TRUE,1,1,1.75
"165",9,2,FALSE,1,3,3.75
"166",2,2,FALSE,1,3,1
"167",2,2,FALSE,1,1,1
"168",3,1,TRUE,3,2,1.25
"169",9,1,FALSE,1,3,3.25
"170",1,2,FALSE,7,3,2.75
"171",2,2,FALSE,2,3,2
"172",2,1,TRUE,1,2,2
"173",2,1,TRUE,1,2,2
"174",1,2,TRUE,6,4,5
"175",9,2,FALSE,7,5,3.75
"176",2,2,TRUE,3,2,1.25
"177",2,2,TRUE,2,3,3
"178",2,2,TRUE,1,1,2.25
"179",2,1,TRUE,1,2,1.5
"180",2,2,TRUE,NA,1,3
"181",2,2,FALSE,1,1,1
"182",9,1,TRUE,NA,3,2.75
"183",9,2,TRUE,3,2,1.5
"184",2,1,TRUE,1,2,2.75
"185",2,1,TRUE,3,4,3
"186",2,2,TRUE,1,1,1
"187",9,2,TRUE,1,3,3
"188",2,1,FALSE,1,3,4.75
"189",2,1,TRUE,3,1,1.75
"190",9,2,TRUE,6,4,3.75
"191",2,1,TRUE,3,1,1.75
"192",9,2,TRUE,7,4,4
"193",2,1,TRUE,1,2,3
"194",2,2,TRUE,3,2,1.75
"195",9,1,TRUE,NA,3,3
"196",9,2,FALSE,4,3,3
"197",2,2,TRUE,1,3,4.5
"198",2,1,TRUE,1,1,2.25
"199",2,2,FALSE,NA,4,2.5
"200",9,1,FALSE,1,4,3
"201",2,2,FALSE,2,2,3.5
"202",9,2,FALSE,2,3,3
"203",9,2,FALSE,3,1,2.5
"204",2,1,FALSE,3,3,1.5
"205",2,2,TRUE,1,1,3
"206",2,1,FALSE,NA,2,3
"207",2,2,TRUE,1,2,2
"208",9,2,TRUE,1,1,3
"209",9,1,FALSE,7,2,3
"210",2,2,FALSE,2,3,1.5
"211",2,2,TRUE,3,1,2
"212",2,1,TRUE,2,4,3.75
"213",2,1,TRUE,1,2,1.5
"214",2,2,TRUE,1,2,3
"215",9,1,FALSE,2,2,3.75
"216",2,2,TRUE,3,3,1.25
"217",2,2,FALSE,1,2,1.75
"218",2,2,TRUE,2,3,5
"219",2,1,TRUE,1,1,1
"220",2,2,TRUE,1,1,2
"221",2,1,FALSE,1,5,3
"222",1,1,FALSE,7,3,3
"223",2,2,TRUE,3,2,1
"224",9,1,TRUE,2,3,3.75
"225",2,2,FALSE,1,1,2
"226",9,2,TRUE,2,1,3
"227",2,1,TRUE,3,3,2.25
"228",2,1,TRUE,3,1,3.75
"229",2,2,FALSE,3,3,1
"230",2,1,TRUE,3,1,2.25
"231",2,1,FALSE,2,3,3
"232",2,2,TRUE,2,3,1.75
"233",9,1,FALSE,4,3,3.25
"234",2,1,TRUE,1,3,3.25
"235",9,2,TRUE,7,5,3
"236",1,1,TRUE,5,3,3.25
"237",2,2,TRUE,NA,3,3
"238",2,2,FALSE,2,3,1.5
"239",2,2,TRUE,4,1,3
"240",9,2,FALSE,2,2,2.25
"241",2,1,FALSE,1,2,2.5
"242",2,2,TRUE,1,3,3
"243",1,2,TRUE,5,4,5
"244",2,1,TRUE,7,3,3
"245",2,2,FALSE,1,3,3.25
"246",2,2,TRUE,1,2,1.5
"247",2,1,TRUE,1,1,1
"248",2,1,FALSE,2,3,3.5
"249",2,1,TRUE,1,4,3
"250",2,2,FALSE,2,4,3.25
"251",1,2,FALSE,6,3,4
"252",9,2,TRUE,4,3,3
"253",3,1,TRUE,5,5,2.75
"254",2,2,FALSE,4,3,3.75
"255",1,2,FALSE,6,3,3.25
"256",2,1,TRUE,2,2,2
"257",9,2,TRUE,3,2,1.5
"258",9,2,FALSE,NA,3,3
"259",2,2,TRUE,1,3,2.75
"260",2,1,TRUE,1,1,2.75
"261",2,2,TRUE,1,2,1.5
"262",2,2,TRUE,2,1,3.5
"263",2,2,TRUE,2,3,3.5
"264",2,1,TRUE,2,1,1
"265",2,2,FALSE,2,3,3
"266",2,1,TRUE,3,3,2.75
"267",2,2,TRUE,2,2,4.5
"268",2,2,TRUE,2,1,1.5
"269",2,2,TRUE,2,2,2.5
"270",2,2,TRUE,1,1,3.5
"271",2,2,FALSE,3,3,1.5
"272",2,2,TRUE,3,2,4.25
"273",2,1,TRUE,3,3,3
"274",2,2,TRUE,1,1,3
"275",2,2,TRUE,2,3,4
"276",9,1,TRUE,5,2,3
"277",9,2,TRUE,2,2,1.75
"278",2,1,TRUE,1,2,1.25
"279",2,2,TRUE,3,2,3
"280",2,2,FALSE,1,1,1.5
"281",2,2,TRUE,3,2,1
"282",2,2,FALSE,1,3,2.75
"283",9,2,FALSE,5,3,3.25
"284",9,1,FALSE,7,3,2.75
"285",3,2,FALSE,6,3,3
"286",2,1,FALSE,3,2,2
"287",9,2,TRUE,3,4,3.25
"288",2,2,FALSE,1,2,3
"289",9,1,FALSE,1,1,1
"290",9,2,FALSE,4,3,4.25
"291",9,2,FALSE,4,1,3.25
"292",2,1,TRUE,1,3,1.25
"293",1,2,TRUE,6,3,3
"294",2,2,TRUE,1,2,2
"295",1,1,TRUE,7,3,4.5
"296",2,2,TRUE,1,2,2.25
"297",2,2,TRUE,1,1,1
"298",1,2,TRUE,4,4,2.5
"299",9,2,TRUE,NA,3,5
"300",2,1,FALSE,1,3,1.75
"301",3,1,FALSE,2,2,2.5
"302",1,1,TRUE,7,5,3
"303",2,1,FALSE,1,1,1.75
"304",2,2,TRUE,1,1,1
"305",2,1,TRUE,1,2,1.5
"306",2,1,TRUE,1,2,1
"307",9,2,FALSE,2,3,2.5
"308",2,1,TRUE,1,1,1.5
"309",9,1,TRUE,5,4,4
"310",3,2,TRUE,4,2,1.5
"311",2,1,TRUE,6,3,2.25
"312",1,2,FALSE,4,4,2.75
"313",2,1,TRUE,3,1,2
"314",2,1,TRUE,1,1,2.25
"315",2,1,TRUE,3,3,2.25
"316",1,1,TRUE,7,4,5
"317",9,1,FALSE,2,4,2.75
"318",1,1,FALSE,7,5,3.5
"319",2,1,FALSE,1,1,3.25
"320",2,2,FALSE,1,1,3.25
"321",2,2,FALSE,6,5,4.75
"322",2,1,FALSE,4,3,1.75
"323",2,2,TRUE,1,2,1.5
"324",2,2,TRUE,3,2,1
"325",1,2,TRUE,6,4,4
"326",1,2,TRUE,6,4,5
"327",2,1,FALSE,1,2,1.25
"328",9,2,TRUE,5,4,2.75
"329",2,2,TRUE,4,5,5
"330",9,2,TRUE,2,2,1.5
"331",3,2,TRUE,2,3,4.25
"332",2,1,TRUE,1,1,3.5
"333",9,1,TRUE,1,2,3
"334",2,1,TRUE,2,2,3
"335",9,2,TRUE,2,3,3.5
"336",9,1,TRUE,2,3,4.25
"337",9,2,TRUE,4,2,4
"338",9,2,TRUE,5,3,3.25
"339",9,2,TRUE,2,2,3
"340",9,1,TRUE,1,2,3
"341",1,2,TRUE,6,3,4
"342",3,2,FALSE,7,5,3
"343",2,1,FALSE,3,1,2.75
"344",2,2,FALSE,2,4,2.5
"345",2,2,TRUE,2,2,2.5
"346",2,2,TRUE,3,3,1.5
"347",2,2,FALSE,2,2,2
"348",1,2,FALSE,1,3,3.25
"349",2,2,TRUE,1,2,1.25
"350",2,1,FALSE,1,2,2.25
"351",2,1,TRUE,1,1,2
"352",1,2,TRUE,6,4,3.25
"353",2,2,FALSE,3,3,3.75
"354",2,1,FALSE,3,3,2.5
"355",2,2,FALSE,6,3,2.5
"356",9,2,TRUE,NA,3,3
"357",9,2,TRUE,NA,4,3
"358",9,2,TRUE,6,3,3.5
"359",9,2,TRUE,2,3,3
"360",2,1,FALSE,3,2,1.75
"361",2,2,FALSE,2,2,3
"362",2,2,FALSE,2,2,2
"363",2,2,TRUE,1,1,2.25
"364",2,2,TRUE,1,3,5
"365",1,1,TRUE,4,4,3.5
"366",2,1,TRUE,1,1,4.75
"367",2,2,TRUE,1,2,2.5
"368",2,2,TRUE,1,3,3
"369",2,1,TRUE,3,3,3.75
"370",1,2,TRUE,1,3,3.5
"371",2,1,FALSE,1,3,1
"372",2,2,TRUE,3,2,2.25
"373",2,2,FALSE,1,3,3
"374",1,2,TRUE,7,4,3.5
"375",9,2,TRUE,4,3,2.75
"376",1,1,TRUE,4,3,3.5
"377",2,1,TRUE,2,2,1
"378",9,2,FALSE,4,3,1
"379",2,1,FALSE,1,3,2.25
"380",1,1,TRUE,7,4,3.5
"381",2,1,TRUE,2,3,2
"382",2,1,TRUE,3,3,3
"383",2,2,TRUE,2,2,1
"384",1,2,TRUE,6,3,3.75
"385",9,2,TRUE,1,1,1.75
"386",2,1,TRUE,2,4,3.25
"387",2,1,TRUE,4,3,2.5
"388",2,1,TRUE,3,1,1
"389",2,2,FALSE,1,2,1
"390",3,1,TRUE,3,2,1.5
"391",2,1,TRUE,1,3,4
"392",1,1,FALSE,2,3,3.25
"393",2,2,TRUE,3,3,2.25
"394",9,2,TRUE,NA,4,3
"395",2,1,TRUE,1,2,1.75
"396",2,1,FALSE,1,2,1.75
"397",2,2,FALSE,NA,5,3.75
"398",9,2,FALSE,4,1,4.25
"399",9,1,TRUE,7,4,5
"400",2,1,TRUE,3,1,2
"401",9,2,TRUE,4,2,4
"402",2,2,FALSE,1,3,3
"403",1,2,TRUE,6,4,3
"404",2,2,FALSE,1,2,3
"405",3,2,TRUE,NA,4,3
"406",1,1,FALSE,6,3,3
"407",9,1,TRUE,1,1,1.25
"408",9,1,TRUE,4,4,3
"409",2,1,FALSE,1,3,1.25
"410",2,1,TRUE,3,4,3.25
"411",2,2,TRUE,1,5,3
"412",2,2,FALSE,1,1,3.25
"413",2,2,TRUE,2,2,2.75
"414",9,2,TRUE,1,2,4.25
"415",2,1,FALSE,3,2,1
"416",9,2,FALSE,2,3,3
"417",9,2,FALSE,1,3,3
"418",9,1,TRUE,4,2,1.75
"419",2,1,TRUE,2,3,2.25
"420",2,2,FALSE,1,4,2.25
"421",2,1,FALSE,4,3,2
"422",2,2,TRUE,4,4,1
"423",2,2,FALSE,1,4,3.5
"424",9,2,FALSE,7,2,3.5
"425",1,1,TRUE,7,5,3
"426",2,2,TRUE,1,1,1.75
"427",2,2,TRUE,1,3,2
"428",3,2,FALSE,7,3,3
"429",3,1,FALSE,NA,3,3
"430",2,2,FALSE,2,4,3
"431",9,1,TRUE,4,3,1.25
"432",2,2,TRUE,1,2,1
"433",2,2,TRUE,3,1,1
"434",2,2,FALSE,1,5,3
"435",2,2,TRUE,2,2,2.5
"436",2,2,TRUE,1,3,3.5
"437",2,2,TRUE,1,2,2.25
"438",2,2,FALSE,4,2,1
"439",2,2,FALSE,1,1,2
"440",2,1,TRUE,3,2,1.75
"441",2,1,TRUE,2,2,3.25
"442",2,1,TRUE,1,2,1
"443",1,2,FALSE,7,3,5
"444",2,1,TRUE,NA,3,2.25
"445",3,1,TRUE,NA,3,1.75
"446",2,2,TRUE,1,4,3
"447",2,2,TRUE,1,2,1.25
"448",9,1,TRUE,NA,3,3
"449",9,1,FALSE,1,1,1
"450",2,2,FALSE,1,3,2
"451",2,1,TRUE,3,2,3.75
"452",2,2,FALSE,3,3,3.5
"453",1,2,TRUE,7,5,4.25
"454",1,1,TRUE,7,5,3.25
"455",9,2,TRUE,4,3,4.5
"456",2,2,FALSE,NA,4,2.25
"457",2,1,TRUE,3,2,1.5
"458",1,2,FALSE,6,3,4.25
"459",2,2,TRUE,1,2,3
"460",2,2,FALSE,1,1,1.75
"461",2,1,TRUE,3,2,2.75
"462",1,2,TRUE,5,3,3.5
"463",9,2,TRUE,NA,2,3
"464",2,1,TRUE,1,3,3
"465",9,1,TRUE,6,4,3
"466",1,1,TRUE,6,4,4
"467",2,2,TRUE,1,3,4.5
"468",9,2,FALSE,2,3,2.25
"469",1,1,FALSE,6,4,3.5
"470",1,2,TRUE,5,4,5
"471",2,1,FALSE,1,3,3
"472",1,1,TRUE,6,3,2.75
"473",3,1,TRUE,5,3,2.75
"474",3,1,FALSE,4,3,3.5
"475",9,2,TRUE,4,3,3.5
"476",1,1,TRUE,6,4,3.75
"477",2,2,TRUE,1,2,1.5
"478",9,1,FALSE,5,3,3.5
"479",9,1,TRUE,4,3,3
"480",2,1,TRUE,3,1,2.25
"481",2,1,FALSE,4,3,3
"482",9,1,TRUE,NA,2,3.25
"483",2,1,TRUE,3,2,2.25
"484",9,2,FALSE,2,3,1.75
"485",9,2,TRUE,4,3,4.75
"486",1,2,TRUE,6,4,4
"487",9,2,TRUE,6,3,3
"488",2,2,TRUE,7,2,2.75
"489",9,2,TRUE,4,4,5
"490",2,2,FALSE,1,3,3.25
"491",2,2,TRUE,1,2,2.25
"492",1,1,FALSE,2,4,4
"493",1,1,TRUE,7,3,3.75
"494",2,2,TRUE,2,3,3.5
"495",1,2,TRUE,7,4,3.75
"496",1,1,TRUE,6,4,2.75
"497",3,2,TRUE,5,3,3.25
"498",9,1,TRUE,4,4,3.75
"499",2,2,TRUE,1,2,2.5
"500",2,1,TRUE,1,3,4.5
"501",1,1,TRUE,6,3,3.75
"502",2,2,FALSE,1,4,1.75
"503",9,2,TRUE,7,3,4.25
"504",9,2,FALSE,1,1,3
"505",3,1,FALSE,3,2,3
"506",2,2,TRUE,2,3,4
"507",2,2,TRUE,1,1,2.5
"508",2,2,TRUE,1,2,3.5
"509",9,2,TRUE,4,4,3.25
"510",2,1,TRUE,3,2,2
"511",1,1,TRUE,4,3,2.75
"512",9,2,TRUE,NA,3,3.5
"513",9,2,TRUE,2,2,3.5
"514",2,2,TRUE,1,2,3.25
"515",2,2,FALSE,2,3,3.25
"516",9,2,TRUE,NA,3,3
"517",2,1,FALSE,1,1,2.75
"518",1,2,TRUE,7,4,4.75
"519",2,1,TRUE,4,1,1.75
"520",1,1,TRUE,5,3,3.75
"521",1,1,TRUE,5,3,5
"522",2,1,TRUE,1,1,1.75
"523",9,2,TRUE,1,2,2.5
"524",2,1,TRUE,1,3,3
"525",2,1,TRUE,1,1,4.75
"526",1,1,FALSE,7,4,3
"527",2,2,FALSE,4,2,3.75
"528",1,2,TRUE,6,4,3.5
"529",9,2,FALSE,2,4,3.25
"530",2,2,FALSE,1,2,4.25
"531",2,1,TRUE,4,3,4.5
"532",2,1,TRUE,3,2,1.75
"533",2,1,TRUE,1,1,1
"534",1,2,FALSE,2,3,4.25
"535",2,1,TRUE,3,3,4.75
"536",1,1,TRUE,4,3,3.25
"537",1,2,TRUE,5,3,4
"538",1,2,TRUE,4,4,3
"539",1,1,TRUE,7,5,3.25
"540",9,1,TRUE,3,3,3.25
"541",1,1,TRUE,7,4,4
"542",9,1,FALSE,NA,4,4.5
"543",9,1,TRUE,NA,3,3
"544",2,1,TRUE,5,3,3.25
"545",9,2,TRUE,4,3,4.25
"546",2,2,TRUE,2,3,3.75
"547",2,1,FALSE,4,4,3
"548",9,2,FALSE,1,1,3
"549",9,1,FALSE,2,4,3.5
"550",3,2,TRUE,4,3,5
"551",2,2,TRUE,3,3,2.75
"552",2,1,TRUE,4,2,3.5
"553",2,2,TRUE,3,3,3.5
"554",2,2,FALSE,1,2,2.25
"555",2,2,FALSE,3,3,1.75
"556",3,2,TRUE,4,3,2.25
"557",2,2,FALSE,4,2,3
"558",1,1,TRUE,7,5,3.25
"559",2,1,TRUE,1,2,4.5
"560",2,2,TRUE,1,3,2.5
"561",2,1,TRUE,3,1,1.75
"562",9,1,FALSE,2,3,1.75
"563",1,2,TRUE,6,4,3
"564",1,2,TRUE,4,4,4
"565",3,1,TRUE,4,3,2.25
"566",3,1,TRUE,5,3,3.5
"567",1,1,TRUE,5,4,3.75
"568",1,1,TRUE,4,4,2.5
"569",1,1,TRUE,6,3,3.5
"570",2,1,FALSE,1,4,3
"571",2,1,FALSE,2,3,1
"572",1,1,TRUE,7,3,3.5
"573",2,2,TRUE,2,3,4.5
"574",2,2,TRUE,1,3,2.5
"575",1,1,TRUE,4,3,3.5
"576",2,1,TRUE,1,1,2
"577",2,1,TRUE,1,3,1.75
"578",9,1,TRUE,1,4,3
"579",3,1,FALSE,NA,3,2.5
"580",1,1,TRUE,7,4,3.75
"581",2,1,FALSE,2,3,2.25
"582",2,1,FALSE,NA,2,4
"583",1,2,TRUE,4,3,5
"584",9,1,FALSE,NA,3,3
"585",2,1,FALSE,3,2,1.25
"586",9,1,TRUE,4,3,5
"587",9,2,FALSE,4,3,3
"588",2,2,TRUE,1,2,3
"589",9,2,FALSE,6,3,4.25
"590",2,1,TRUE,1,2,2
"591",9,2,TRUE,4,3,3.5
"592",9,1,FALSE,NA,3,3.25
"593",1,1,TRUE,7,4,4.75
"594",1,1,TRUE,4,3,4
"595",9,2,TRUE,2,3,3.5
"596",9,2,TRUE,4,3,3
"597",2,2,TRUE,3,1,2
"598",1,2,TRUE,6,4,3.5
"599",2,1,TRUE,3,3,3.75
"600",9,2,FALSE,2,2,3.25
"601",2,2,TRUE,3,1,1.25
"602",9,2,TRUE,7,3,2.25
"603",9,2,TRUE,4,3,1.25
"604",2,1,TRUE,1,3,1.5
"605",1,1,TRUE,6,3,4.25
"606",2,2,TRUE,2,3,2.75
"607",2,1,TRUE,4,1,4.25
"608",2,1,TRUE,2,2,3.5
"609",2,1,TRUE,4,3,3.5
"610",2,1,FALSE,2,2,2.5
"611",2,1,TRUE,1,2,5
"612",2,2,TRUE,2,3,3.25
"613",2,2,TRUE,2,2,4.5
"614",3,1,TRUE,3,3,2.75
"615",2,1,FALSE,NA,1,3
"616",2,2,TRUE,3,2,3.5
"617",2,1,TRUE,1,1,1
"618",9,2,FALSE,2,3,2
"619",2,2,FALSE,1,4,3.25
"620",2,1,FALSE,4,2,2
"621",2,2,TRUE,1,2,3.75
"622",1,2,TRUE,5,3,5
"623",2,1,FALSE,4,3,2.75
"624",1,2,TRUE,6,4,3
"625",9,1,TRUE,4,3,3
"626",2,1,TRUE,3,2,3
"627",2,2,TRUE,1,2,3.5
"628",1,1,TRUE,6,3,3
"629",9,2,TRUE,2,3,4.25
"630",2,2,TRUE,2,3,3.5
"631",2,2,TRUE,1,2,3.5
"632",1,2,TRUE,6,4,5
"633",1,2,TRUE,7,4,4.25
"634",1,1,TRUE,6,3,3.5
"635",9,2,TRUE,4,3,5
"636",2,2,TRUE,6,4,2.25
"637",2,1,TRUE,2,3,4.5
"638",1,2,TRUE,7,4,4
"639",2,2,TRUE,3,2,1.5
"640",9,2,FALSE,NA,3,3
"641",2,1,TRUE,2,3,3
"642",2,2,TRUE,2,3,1.5
"643",2,2,FALSE,2,3,5
"644",1,2,TRUE,6,4,3.75
"645",1,1,TRUE,5,2,3.25
"646",2,2,TRUE,1,1,2.5
"647",2,2,FALSE,1,1,1
"648",9,1,TRUE,4,3,3.75
"649",9,1,FALSE,1,3,1
"650",3,2,TRUE,7,4,2.5
"651",2,2,FALSE,1,2,2
"652",1,2,TRUE,NA,4,4.5
"653",1,1,TRUE,4,3,3
"654",9,2,FALSE,4,4,4.25
"655",9,1,TRUE,7,4,4.25
"656",9,2,FALSE,4,3,3.25
"657",1,2,TRUE,6,3,4.75
"658",2,1,TRUE,1,1,1.5
"659",2,2,FALSE,3,2,3
"660",2,1,TRUE,1,1,1
"661",9,2,TRUE,2,3,3
"662",9,2,FALSE,4,3,3.25
"663",9,2,TRUE,7,4,4.5
"664",1,2,TRUE,3,2,1.5
"665",9,1,FALSE,4,3,3.25
"666",2,1,TRUE,3,3,2.25
"667",1,2,TRUE,6,4,4.5
"668",2,2,TRUE,2,3,3.5
"669",1,2,TRUE,7,3,4
"670",9,1,TRUE,NA,3,3
"671",1,2,TRUE,6,4,5
"672",2,1,FALSE,1,3,1.75
"673",2,2,TRUE,4,2,1.25
"674",1,2,TRUE,3,3,3
"675",1,2,TRUE,5,3,3.75
"676",3,2,TRUE,3,3,3
"677",1,2,TRUE,7,4,4.25
"678",2,2,TRUE,2,4,4.75
"679",9,2,TRUE,4,3,4.5
"680",1,2,TRUE,6,3,3.5
"681",9,2,TRUE,NA,3,5
"682",1,1,TRUE,4,3,1.5
"683",2,1,FALSE,2,2,3
"684",9,2,TRUE,4,2,4.75
"685",2,2,TRUE,4,3,5
"686",1,1,TRUE,5,3,1.75
"687",9,2,FALSE,1,2,2.25
"688",2,1,FALSE,3,1,2
"689",9,2,TRUE,4,3,3
"690",9,2,FALSE,1,2,2.75
"691",2,1,TRUE,1,3,3
"692",1,2,TRUE,2,3,4.25
"693",2,1,TRUE,1,3,4
"694",2,1,TRUE,1,2,3.25
"695",9,1,FALSE,1,2,2.25
"696",1,2,TRUE,NA,3,3.75
"697",1,2,TRUE,6,3,3.5
"698",2,2,FALSE,2,3,2.25
"699",2,2,TRUE,6,4,3.25
"700",2,1,TRUE,1,3,1.75
"701",1,2,TRUE,6,4,3.5
"702",9,2,FALSE,1,1,2
"703",2,2,TRUE,1,2,1.75
"704",2,2,TRUE,2,3,3
"705",9,2,FALSE,2,3,5
"706",3,1,FALSE,4,3,3
"707",1,1,FALSE,2,3,4.5
"708",2,2,TRUE,3,3,2.5
"709",2,2,TRUE,3,3,3.5
"710",2,2,FALSE,2,3,4
"711",1,2,TRUE,6,4,3.5
"712",1,2,TRUE,2,2,5
"713",2,2,TRUE,1,3,3.5
"714",1,2,TRUE,7,3,4.75
"715",1,2,TRUE,5,4,3.5
"716",2,2,FALSE,1,1,3
"717",2,1,FALSE,1,4,3.25
"718",2,2,TRUE,1,2,2.5
"719",2,2,TRUE,1,2,2.25
"720",2,1,TRUE,3,3,5
"721",9,2,TRUE,2,3,4.25
"722",9,1,TRUE,4,5,4
"723",2,1,TRUE,5,3,4.75
"724",9,2,FALSE,2,2,2.75
"725",2,1,FALSE,1,2,3
"726",2,2,FALSE,3,3,1
"727",9,2,FALSE,2,2,4.75
"728",3,1,TRUE,4,5,4.5
"729",3,1,TRUE,4,3,3.75
"730",2,2,TRUE,1,1,3.75
"731",3,1,TRUE,4,3,5
"732",9,2,TRUE,2,3,4
"733",1,1,TRUE,6,4,3
"734",9,1,TRUE,5,3,4.5
"735",1,2,TRUE,4,3,3.25
"736",1,2,TRUE,6,4,5
"737",1,2,TRUE,5,4,3.5
"738",1,1,TRUE,6,5,4.75
"739",1,1,TRUE,5,4,5
"740",2,1,TRUE,1,1,2.5
"741",1,1,TRUE,7,4,4
"742",9,2,TRUE,4,3,3
"743",1,1,TRUE,5,1,4
"744",2,2,FALSE,2,3,3
"745",1,1,TRUE,7,4,4.75
"746",1,2,TRUE,7,5,4.75
"747",1,2,TRUE,7,3,4.5
"748",2,2,FALSE,1,2,3
"749",1,2,TRUE,7,3,5
"750",9,2,TRUE,7,3,4.25
"751",1,1,TRUE,4,4,5
"752",1,1,TRUE,5,4,5
"753",9,2,TRUE,4,3,4
"754",9,2,TRUE,3,2,4
"755",2,2,FALSE,1,3,3.5
"756",1,1,TRUE,7,5,4
"757",1,2,TRUE,5,3,5
"758",1,2,TRUE,6,5,4
"759",1,1,TRUE,7,5,5
"760",2,1,TRUE,4,3,3.75
"761",2,2,TRUE,NA,2,4.25
"762",1,2,TRUE,7,5,4.25
"763",1,2,TRUE,6,4,5
"764",1,2,TRUE,7,4,4.25
"765",1,1,TRUE,7,5,5
"766",2,1,TRUE,2,4,4.5
"767",2,1,TRUE,4,3,4
"768",1,1,TRUE,7,4,4.5
"769",2,2,TRUE,4,3,4.25
"770",2,2,TRUE,4,3,5
"771",2,2,TRUE,2,2,5
"772",1,2,TRUE,4,3,3.75
"773",2,2,TRUE,1,2,4.25
"774",2,2,TRUE,5,3,4
"775",2,1,TRUE,1,1,5
"776",9,1,TRUE,7,4,4.25
"777",9,1,TRUE,4,3,4.25
"778",1,1,TRUE,7,5,4.5
"779",1,1,TRUE,7,5,5
"780",2,1,TRUE,2,5,1.25
"781",2,1,TRUE,1,4,5
"782",1,2,TRUE,4,3,4.25
"783",1,1,TRUE,7,5,4.5
"784",1,1,TRUE,7,4,5
"785",1,1,TRUE,4,3,4.5
"786",1,2,TRUE,7,4,4.75
"787",1,2,TRUE,4,3,4.5
"788",1,2,TRUE,6,4,5
"789",1,1,TRUE,7,5,5
"790",2,1,FALSE,3,3,2.75
"791",9,1,TRUE,6,4,3.75
"792",2,2,TRUE,1,3,3.25
"793",1,1,TRUE,5,4,4.25
"794",1,2,FALSE,7,4,4
"795",1,2,TRUE,7,5,5
"796",1,2,TRUE,6,3,4
"797",1,2,TRUE,5,3,5
"798",1,2,TRUE,6,3,3.75
"799",1,1,TRUE,6,4,5
"800",2,1,FALSE,2,2,2.75
"801",1,1,TRUE,7,5,5
"802",1,1,TRUE,7,5,3.75
"803",2,2,TRUE,1,2,3.75
"804",1,2,TRUE,7,4,3.25
"805",1,2,TRUE,3,3,2.25
"806",2,1,TRUE,6,2,3.75
"807",9,2,TRUE,3,3,4
"808",9,2,TRUE,4,4,5
"809",1,1,TRUE,5,3,5
"810",1,2,FALSE,6,3,4.25
"811",1,1,FALSE,5,4,5
"812",1,2,TRUE,5,4,4.75
"813",1,2,TRUE,7,4,4.75
"814",1,1,TRUE,5,5,4.5
"815",2,1,FALSE,1,2,2.5
"816",1,2,TRUE,7,4,4
"817",9,2,TRUE,4,3,4
"818",1,2,TRUE,6,4,5
"819",1,2,TRUE,7,5,4.25
"820",9,2,FALSE,NA,1,3
"821",3,2,TRUE,6,5,3.75
"822",1,1,TRUE,7,5,3.5
"823",1,2,TRUE,7,5,5
"824",2,2,TRUE,1,1,3.75
"825",2,1,FALSE,2,2,3.75
"826",1,2,TRUE,7,5,5
"827",2,2,TRUE,1,3,3
"828",9,2,FALSE,4,3,2.5
"829",1,1,TRUE,6,4,4.75
"830",9,2,TRUE,5,5,4
"831",2,2,TRUE,1,3,2.75
"832",9,2,TRUE,NA,3,4
"833",1,1,FALSE,7,4,3.5
"834",1,2,TRUE,6,4,3.75
"835",1,1,TRUE,7,5,5
"836",1,1,TRUE,6,4,5
"837",1,2,TRUE,7,4,5
"838",1,2,TRUE,5,4,3.5
"839",1,2,TRUE,7,5,3
"840",3,1,TRUE,4,4,4.25
"841",1,1,TRUE,4,5,5
"842",1,2,TRUE,5,5,4.75
"843",1,2,TRUE,7,2,5
"844",1,1,TRUE,4,5,5
"845",1,1,TRUE,5,4,4
"846",1,1,TRUE,5,4,4.5
"847",2,1,TRUE,1,3,5
"848",1,1,FALSE,2,3,4.5
"849",9,2,TRUE,2,4,5
"850",1,1,TRUE,7,4,5
"851",1,1,FALSE,4,4,5
"852",2,1,TRUE,5,3,3.25
"853",2,1,TRUE,6,3,3.25
"854",2,2,TRUE,3,3,3.75
"855",1,2,TRUE,7,5,4.75
"856",1,2,TRUE,6,4,5
"857",1,2,TRUE,7,3,5
"858",9,2,TRUE,NA,3,4.5
"859",1,1,TRUE,6,3,4
"860",2,1,FALSE,4,3,3
"861",3,1,FALSE,3,2,2.75
"862",2,1,TRUE,2,3,5
"863",9,1,FALSE,4,1,3.25
"864",9,2,FALSE,4,5,3
"865",1,1,TRUE,5,4,4
"866",1,1,TRUE,6,4,5
"867",1,1,TRUE,7,5,5
"868",1,1,TRUE,5,5,4.5
"869",1,1,TRUE,6,4,4
"870",9,2,TRUE,2,3,5
"871",1,1,TRUE,5,3,3.25
"872",1,1,TRUE,5,5,4.5
"873",2,1,FALSE,1,1,4
"874",1,2,TRUE,7,5,4.5
"875",1,1,FALSE,5,4,4.5
"876",2,2,TRUE,3,3,4.25
"877",3,1,FALSE,4,3,4.75
"878",9,1,TRUE,1,3,5
"879",9,1,TRUE,7,4,4.5
"880",1,1,TRUE,2,4,5
"881",3,1,FALSE,4,3,3
"882",1,1,TRUE,4,4,4
"883",1,2,TRUE,4,4,4.5
"884",1,1,TRUE,7,5,4.5
"885",1,2,TRUE,4,3,4.75
"886",3,2,TRUE,4,3,5
"887",1,1,TRUE,4,4,4.75
"888",1,2,TRUE,7,5,4.75
"889",2,1,TRUE,5,3,4.75
"890",1,2,TRUE,7,4,4.75
"891",1,1,TRUE,5,4,4
"892",2,1,TRUE,6,3,3.75
"893",1,2,TRUE,7,4,3.75
"894",2,2,TRUE,1,2,4
"895",1,2,TRUE,4,4,3
"896",2,1,FALSE,2,3,3
"897",1,2,TRUE,5,3,4.5
"898",2,2,TRUE,3,2,4
"899",2,1,TRUE,2,2,5
"900",1,2,TRUE,6,4,2.75
"901",1,1,TRUE,7,5,5
"902",1,2,TRUE,7,4,4
"903",9,2,FALSE,4,3,3.5
"904",2,2,FALSE,1,2,2.5
"905",1,1,TRUE,NA,3,4
"906",1,1,TRUE,5,5,4.75
"907",2,2,TRUE,2,3,4.5
"908",2,2,TRUE,1,2,3
"909",1,2,TRUE,5,4,4.5
"910",1,1,TRUE,6,5,3.75
"911",9,1,FALSE,4,3,1
"912",3,2,TRUE,4,3,5
"913",2,1,FALSE,2,3,1.25
"914",1,2,TRUE,6,3,4.25
"915",3,1,TRUE,4,4,4.5
"916",9,1,TRUE,NA,3,NA
"917",3,2,FALSE,4,5,3.75
"918",9,1,TRUE,5,5,3.75
"919",9,1,FALSE,4,3,5
"920",2,1,TRUE,3,2,4.25
"921",1,1,TRUE,7,5,4
"922",1,1,TRUE,4,3,4.75
"923",9,1,TRUE,4,3,2.75
"924",1,1,TRUE,7,4,5
"925",1,1,TRUE,7,5,3.5
"926",1,2,TRUE,4,4,5
"927",1,2,TRUE,7,5,5
"928",9,1,TRUE,4,3,3.25
"929",1,2,TRUE,7,5,3.75
"930",9,1,TRUE,3,3,4.75
"931",1,1,TRUE,4,3,4
"932",9,2,TRUE,3,3,2.5
"933",1,2,TRUE,4,3,3.75
"934",3,1,TRUE,4,4,3
"935",1,1,TRUE,4,3,4.5
"936",2,1,TRUE,1,1,3
"937",1,1,TRUE,7,5,4
"938",9,2,TRUE,3,3,5
"939",1,2,TRUE,5,4,4.75
"940",1,1,TRUE,5,4,4.75
"941",2,1,TRUE,4,3,4.5
"942",1,1,TRUE,4,3,4.5
"943",3,1,TRUE,7,5,4.25
"944",1,1,FALSE,7,5,2.5
"945",1,1,TRUE,7,4,4.75
"946",9,2,TRUE,6,4,4.5
"947",1,1,TRUE,4,3,5
"948",9,1,TRUE,4,3,3
"949",1,2,TRUE,7,4,4.5
"950",1,1,TRUE,7,5,3.75
"951",9,2,TRUE,6,3,3.25
"952",9,2,TRUE,2,2,4.5
"953",2,2,TRUE,6,3,4.5
"954",1,2,TRUE,7,5,5
"955",1,1,TRUE,4,3,4.5
"956",3,1,TRUE,4,3,4
"957",9,2,TRUE,4,4,5
"958",1,2,TRUE,6,4,5
"959",9,1,TRUE,5,5,5
"960",9,2,FALSE,2,2,1
"961",3,2,TRUE,4,4,5
"962",2,2,FALSE,1,2,2.75
"963",2,2,TRUE,1,1,1.25
"964",9,2,TRUE,4,3,3
"965",9,1,TRUE,4,3,3
"966",1,1,TRUE,5,3,4.75
"967",1,2,TRUE,5,4,4.75
"968",9,2,FALSE,4,3,4.5
"969",2,1,TRUE,2,3,4
"970",9,2,TRUE,5,3,4.75
"971",2,1,TRUE,3,3,2.25
"972",3,1,TRUE,6,4,5
"973",2,2,FALSE,1,4,2.75
"974",1,1,TRUE,7,5,5
"975",1,1,TRUE,5,4,5
"976",9,1,TRUE,7,3,3
"977",2,1,FALSE,7,4,5
"978",2,2,FALSE,4,2,3.75
"979",1,2,TRUE,5,4,3
"980",1,2,TRUE,6,4,3
"981",2,1,TRUE,2,1,2.25
"982",9,1,TRUE,4,3,3
"983",2,2,TRUE,3,3,2.25
"984",1,2,TRUE,7,5,4.5
"985",9,1,TRUE,1,1,3
"986",2,2,TRUE,4,3,4.25
"987",1,1,TRUE,7,5,4
"988",1,2,TRUE,2,3,3.75
"989",1,2,TRUE,7,4,4.5
"990",9,1,TRUE,6,3,4
"991",9,2,FALSE,5,1,3
"992",1,1,TRUE,7,5,5
"993",3,2,TRUE,7,3,4.25
"994",1,1,TRUE,4,4,5
"995",1,1,TRUE,7,4,3.25
"996",1,2,TRUE,5,4,5
"997",2,2,FALSE,4,3,4.75
"998",9,2,TRUE,1,2,2.25
"999",1,1,TRUE,7,4,4.75
"1000",9,2,TRUE,NA,3,4.5
"1001",9,1,TRUE,4,3,4
"1002",3,1,TRUE,5,3,2.75
"1003",1,1,TRUE,4,3,5
"1004",1,1,TRUE,4,5,3.5
"1005",9,2,TRUE,4,3,4
"1006",1,2,TRUE,5,3,4.25
"1007",1,2,FALSE,5,3,4.5
"1008",1,1,TRUE,5,3,4
"1009",1,2,TRUE,5,5,4.5
"1010",1,1,TRUE,7,4,4.5
"1011",2,1,TRUE,2,3,4
"1012",1,1,TRUE,7,5,3.25
"1013",2,1,FALSE,1,3,2.5
"1014",1,2,TRUE,6,4,4.25
"1015",9,2,TRUE,NA,3,3
"1016",1,1,TRUE,7,4,3.5
"1017",1,1,TRUE,5,4,4.5
"1018",2,1,TRUE,4,3,4.5
"1019",9,1,TRUE,4,2,3.75
"1020",2,1,TRUE,4,1,1
"1021",1,1,TRUE,6,2,5
"1022",2,2,TRUE,2,3,5
"1023",2,1,FALSE,1,3,3
"1024",3,1,TRUE,5,3,4
"1025",9,1,TRUE,1,2,5
"1026",3,1,FALSE,4,4,4.25
"1027",1,1,TRUE,6,4,4.75
"1028",1,1,TRUE,4,3,5
"1029",1,1,TRUE,7,5,4.75
"1030",1,1,TRUE,5,5,3.5
"1031",9,1,FALSE,NA,3,4.75
"1032",1,2,TRUE,6,5,3.25
"1033",1,1,TRUE,7,4,5
"1034",1,1,TRUE,6,4,4.25
"1035",1,2,TRUE,6,3,5
"1036",1,1,TRUE,7,5,4.75
"1037",1,2,TRUE,7,5,4.5
"1038",2,1,TRUE,4,4,4.5
"1039",1,2,TRUE,6,4,4.5
"1040",1,1,TRUE,4,3,5
"1041",9,1,FALSE,5,5,4.25
"1042",1,1,TRUE,7,4,4.75
"1043",2,2,TRUE,5,3,3.75
"1044",1,2,TRUE,2,3,5
"1045",9,2,FALSE,4,3,3
"1046",1,2,TRUE,5,4,5
"1047",1,1,TRUE,6,4,3.25
"1048",1,1,TRUE,7,5,4.25
"1049",1,2,TRUE,5,5,4.75
"1050",1,1,TRUE,7,4,3.25
"1051",9,2,TRUE,6,4,5
"1052",9,2,FALSE,5,5,5
"1053",1,2,TRUE,6,3,5
"1054",1,1,TRUE,7,3,5
"1055",1,1,TRUE,5,4,5
"1056",3,1,TRUE,4,2,4.75
"1057",1,1,TRUE,6,4,5
"1058",1,2,TRUE,6,3,4.25
"1059",2,1,TRUE,1,3,3.75
"1060",2,2,TRUE,1,1,1.75
"1061",2,1,TRUE,1,1,3.75
"1062",1,1,TRUE,5,4,4.5
"1063",1,2,TRUE,7,4,4.25
"1064",3,1,TRUE,7,5,5
"1065",2,2,TRUE,4,5,5
"1066",2,2,TRUE,1,2,3.25
"1067",1,1,TRUE,7,4,4
"1068",9,1,TRUE,4,3,3.25
"1069",9,2,TRUE,2,3,3.75
"1070",1,1,TRUE,7,5,4
"1071",1,2,FALSE,4,5,5
"1072",1,1,TRUE,7,4,4.75
"1073",1,1,TRUE,4,3,5
"1074",1,1,FALSE,7,3,5
"1075",1,1,TRUE,7,4,3.25
"1076",2,1,FALSE,2,2,2.75
"1077",1,2,TRUE,4,4,4.25
"1078",3,2,FALSE,4,3,4.5
"1079",1,2,TRUE,5,4,4.75
"1080",1,1,TRUE,5,4,4.25
"1081",1,1,TRUE,4,5,5
"1082",1,1,TRUE,6,4,5
"1083",9,1,FALSE,2,3,3
"1084",1,2,TRUE,6,3,5
"1085",2,1,TRUE,1,1,2
"1086",9,1,TRUE,NA,3,4.25
"1087",1,2,TRUE,5,5,5
"1088",2,1,FALSE,1,5,3.5
"1089",1,2,TRUE,6,3,5
"1090",3,1,TRUE,4,4,5
"1091",1,1,TRUE,4,5,3.25
"1092",1,1,TRUE,6,4,4.75
"1093",3,1,TRUE,4,4,5
"1094",9,1,TRUE,4,3,2.75
"1095",1,1,TRUE,4,3,4.75
"1096",3,1,FALSE,5,4,5
"1097",1,1,TRUE,5,5,4.5
"1098",2,2,FALSE,4,1,2
"1099",1,2,FALSE,4,5,5
"1100",2,1,TRUE,4,4,4.75
"1101",3,1,FALSE,5,5,5
"1102",9,1,TRUE,7,5,4.5
"1103",2,1,TRUE,6,3,5
"1104",1,2,TRUE,6,5,2.75
"1105",1,2,TRUE,7,4,4.25
"1106",2,2,TRUE,2,2,4.5
"1107",1,2,TRUE,4,3,3
"1108",3,1,TRUE,7,5,5
"1109",2,2,TRUE,2,3,3.25
"1110",9,2,TRUE,NA,4,4
"1111",1,1,TRUE,7,4,4
"1112",3,2,FALSE,4,4,5
"1113",2,2,TRUE,4,4,4.25
"1114",3,1,TRUE,7,5,3
"1115",1,1,TRUE,6,3,4.25
"1116",1,1,TRUE,4,3,5
"1117",3,1,FALSE,4,5,3.5
"1118",2,2,TRUE,3,3,4
"1119",2,1,TRUE,3,3,3.75
"1120",2,1,TRUE,1,2,2
"1121",2,2,FALSE,3,3,1.5
"1122",1,1,TRUE,7,4,5
"1123",1,2,TRUE,7,5,5
"1124",2,2,TRUE,2,2,4.5
"1125",1,2,TRUE,NA,3,4.75
"1126",9,2,TRUE,4,3,3.5
"1127",1,2,TRUE,4,4,4.75
"1128",1,1,TRUE,3,3,4.75
"1129",1,2,TRUE,6,4,4
"1130",1,1,TRUE,7,5,4.5
"1131",1,2,TRUE,7,5,5
"1132",9,2,TRUE,5,3,4.5
"1133",1,1,TRUE,5,4,4.5
"1134",2,1,TRUE,4,3,3
"1135",2,1,TRUE,1,4,3.75
"1136",9,2,TRUE,5,4,3.75
"1137",2,1,FALSE,1,3,3
"1138",9,1,TRUE,NA,3,4.5
"1139",2,1,TRUE,1,2,3.75
"1140",1,2,TRUE,7,4,5
"1141",1,1,TRUE,5,4,4.5
"1142",1,2,TRUE,6,4,5
"1143",1,1,TRUE,4,4,5
"1144",1,1,FALSE,5,5,4.75
"1145",1,2,TRUE,7,5,4.75
"1146",3,1,FALSE,5,3,4.5
"1147",2,1,FALSE,1,2,2
"1148",1,1,TRUE,5,4,5
"1149",2,1,TRUE,1,3,3.75
"1150",1,2,TRUE,6,4,5
"1151",1,1,TRUE,7,4,4.5
"1152",1,1,FALSE,4,4,5
"1153",9,1,TRUE,5,4,3.5
"1154",1,1,TRUE,5,4,3.25
"1155",3,1,TRUE,4,4,4.75
"1156",9,1,TRUE,3,1,5
"1157",9,1,TRUE,4,4,3.25
"1158",9,1,TRUE,1,1,3
"1159",2,2,FALSE,2,2,1.5
"1160",1,2,TRUE,5,4,4.25
"1161",1,1,TRUE,7,4,4
"1162",9,1,FALSE,5,3,5
"1163",1,1,TRUE,7,5,4.5
"1164",1,2,TRUE,7,4,4.75
"1165",1,2,TRUE,7,5,5
"1166",1,2,TRUE,NA,3,3.25
"1167",2,2,TRUE,3,2,4.5
"1168",1,1,TRUE,7,4,3.75
"1169",1,1,TRUE,3,4,4.5
"1170",9,1,TRUE,5,3,4.25
"1171",1,2,TRUE,4,3,5
"1172",2,2,TRUE,1,3,1
"1173",1,2,TRUE,5,2,4.75
"1174",1,1,TRUE,4,5,3.75
"1175",1,2,TRUE,7,3,5
"1176",1,1,TRUE,6,4,5
"1177",1,1,TRUE,4,4,5
"1178",1,1,TRUE,5,3,3.25
"1179",1,2,TRUE,5,5,4.75
"1180",3,2,TRUE,6,5,5
"1181",1,2,FALSE,7,5,5
"1182",1,2,TRUE,2,3,5
"1183",1,2,FALSE,4,4,4.75
"1184",2,2,TRUE,1,2,4
"1185",1,1,TRUE,6,4,5
"1186",2,1,TRUE,3,3,3.5
"1187",9,2,TRUE,3,2,2.75
"1188",9,2,TRUE,4,4,4.25
"1189",1,2,TRUE,5,3,4.5
"1190",1,2,TRUE,6,3,3
"1191",1,2,TRUE,5,5,4.5
"1192",3,2,FALSE,4,3,4.75
"1193",9,2,TRUE,6,3,4.25
"1194",3,2,TRUE,6,4,4.75
"1195",3,1,TRUE,4,5,4
"1196",1,1,TRUE,6,4,5
"1197",9,2,TRUE,5,3,2.75
"1198",3,1,TRUE,4,3,5
"1199",9,1,TRUE,1,3,3.75
"1200",2,1,TRUE,1,2,2.25
